NumOfCluster,Cost
2,4102.502277044393
3,4571.57488218527
4,3520.2407136612023
5,4114.148000177103
6,4377.119506337928
7,4435.704099229298
8,4198.673399587314
9,4309.746588358521
10,4332.367678196802
11,4084.6565636352525
12,4145.976220807505
13,4264.767326321553
14,4230.613113200702
15,4208.564623951954
16,4223.756319814222
17,4124.651472791525
18,4206.186254158813
19,4151.2616075638925