NumOfCluster,Cost
2,4959.689758218324
3,1962.002873703598
4,3116.4781072580545
5,3995.3823744802758
6,4411.973749406887
7,4496.102857352842
8,4430.022075381053
9,4104.035658601448
10,4157.936203617758
11,3989.2552934369087
12,4272.8062927005485
13,4157.5958598020125
14,4265.1415015556595
15,4185.639764953306
16,4172.27859916354
17,4194.078608799888
18,4197.378564395167
19,4226.919785345173